OrderID,Date,Year,Month,DayOfWeek,RegionID,ClientID,NumberOfItems,TotalQuantity,AvgProductPrice,DistinctCategories,MaterialDiversity,Status,TotalPrice
1000,2025-02-01,2025,2,Saturday,R3,C123,7,13,47.64,2,2,Returned,567.33
1001,2025-02-09,2025,2,Sunday,R2,C789,7,23,33.53,5,7,Shipped,618.79
1002,2025-05-11,2025,5,Sunday,R2,C123,9,42,25.92,2,3,Returned,1063.47
1003,2025-06-02,2025,6,Monday,R1,C333,1,1,49.59,1,4,Shipped,41.72
1004,2025-05-09,2025,5,Friday,R3,C789,6,28,34.07,1,1,Canceled,1135.79
1005,2025-02-23,2025,2,Sunday,R2,C333,3,5,44.98,3,4,Open,263.94
1006,2025-06-17,2025,6,Tuesday,R4,C456,10,43,11.23,1,1,Open,465.98
1007,2025-03-10,2025,3,Monday,R4,C333,5,17,23.88,5,7,Returned,478.96
1008,2025-01-16,2025,1,Thursday,R3,C123,4,6,5.76,2,3,Open,32.8
1009,2025-02-17,2025,2,Monday,R2,C222,2,5,8.02,4,7,Open,32.44
1010,2025-04-15,2025,4,Tuesday,R1,C123,8,23,25.84,3,4,Returned,486.92
1011,2025-06-10,2025,6,Tuesday,R3,C333,8,13,42.16,2,3,Canceled,559.3
1012,2025-06-10,2025,6,Tuesday,R1,C444,8,30,17.95,4,7,Open,495.39
1013,2025-05-09,2025,5,Friday,R4,C333,10,11,22.45,4,5,Canceled,233.05
1014,2025-05-11,2025,5,Sunday,R1,C222,5,15,44.88,5,8,Shipped,629.96
1015,2025-03-24,2025,3,Monday,R3,C222,6,24,20.6,5,5,Canceled,414.98
1016,2025-02-18,2025,2,Tuesday,R3,C789,3,11,47.6,4,7,Shipped,431.52
1017,2025-01-29,2025,1,Wednesday,R1,C123,9,26,37.54,5,8,Shipped,1001.72
1018,2025-06-05,2025,6,Thursday,R4,C222,2,5,26.02,4,5,Returned,135.39
1019,2025-06-18,2025,6,Wednesday,R2,C789,6,9,33.87,4,7,Open,349.88
1020,2025-06-28,2025,6,Saturday,R2,C789,1,1,28.59,1,4,Returned,27.55
1021,2025-05-17,2025,5,Saturday,R2,C789,10,25,48.82,2,3,Returned,1285.78
1022,2025-03-21,2025,3,Friday,R4,C456,10,36,37.26,5,7,Open,1384.67
1023,2025-05-18,2025,5,Sunday,R1,C789,6,18,31.9,5,5,Open,556.34
1024,2025-04-27,2025,4,Sunday,R3,C456,7,12,36.82,2,5,Shipped,418.84
1025,2025-02-15,2025,2,Saturday,R1,C123,7,23,5.27,5,7,Shipped,115.51
1026,2025-02-12,2025,2,Wednesday,R1,C123,5,18,19.06,5,8,Returned,364.85
1027,2025-05-18,2025,5,Sunday,R4,C222,7,35,11.51,2,2,Open,476.33
1028,2025-01-06,2025,1,Monday,R2,C123,6,7,23.8,1,4,Shipped,160.11
1029,2025-04-15,2025,4,Tuesday,R1,C444,9,44,21.72,4,6,Open,941.5
1030,2025-05-18,2025,5,Sunday,R4,C456,1,4,14.49,1,2,Open,49.84
1031,2025-04-23,2025,4,Wednesday,R1,C111,10,22,14.36,5,6,Open,310.83
1032,2025-05-20,2025,5,Tuesday,R4,C333,8,36,9.71,4,5,Shipped,365.81
1033,2025-03-24,2025,3,Monday,R1,C123,10,23,9.76,2,3,Open,195.08
1034,2025-05-14,2025,5,Wednesday,R4,C222,1,2,8.45,4,6,Shipped,16.98
1035,2025-02-26,2025,2,Wednesday,R2,C456,3,11,42.28,4,7,Returned,525.6
1036,2025-05-31,2025,5,Saturday,R2,C333,6,18,29.39,5,5,Open,548.14
1037,2025-02-22,2025,2,Saturday,R3,C333,4,18,38.11,4,6,Canceled,784.95
1038,2025-04-18,2025,4,Friday,R1,C222,10,29,38.58,2,4,Shipped,1189.35
1039,2025-06-30,2025,6,Monday,R1,C123,9,9,31.34,1,3,Returned,243.59
1040,2025-05-23,2025,5,Friday,R1,C222,1,4,34.96,4,7,Returned,122.83
1041,2025-03-09,2025,3,Sunday,R4,C123,6,28,15.85,2,2,Shipped,408.42
1042,2025-02-12,2025,2,Wednesday,R2,C111,3,10,12.24,4,6,Shipped,115.76
1043,2025-03-25,2025,3,Tuesday,R3,C123,8,14,13.25,1,2,Returned,208.44
1044,2025-01-28,2025,1,Tuesday,R4,C123,6,12,49.58,2,5,Shipped,639.51
1045,2025-05-12,2025,5,Monday,R2,C789,8,39,6.29,2,3,Shipped,228.2
1046,2025-05-13,2025,5,Tuesday,R2,C123,3,4,38.18,5,5,Shipped,156.06
1047,2025-04-21,2025,4,Monday,R3,C456,7,11,43.28,4,5,Returned,492.65
1048,2025-03-12,2025,3,Wednesday,R2,C789,1,5,43.73,3,6,Open,246.65
1049,2025-03-02,2025,3,Sunday,R2,C789,8,10,23.19,3,5,Open,234.39
1050,2025-01-27,2025,1,Monday,R2,C456,6,25,38.78,4,6,Open,870.25
1051,2025-04-09,2025,4,Wednesday,R2,C456,2,6,30.32,1,2,Open,172.24
1052,2025-02-27,2025,2,Thursday,R3,C789,9,39,10.48,5,6,Shipped,362.85
1053,2025-02-21,2025,2,Friday,R4,C111,1,5,30.78,5,5,Open,161.78
1054,2025-01-21,2025,1,Tuesday,R1,C444,10,40,24.12,1,1,Open,1150.87
1055,2025-05-31,2025,5,Saturday,R2,C456,4,5,43.15,2,2,Shipped,251.98
1056,2025-06-29,2025,6,Sunday,R2,C789,7,30,12.73,2,5,Shipped,383.07
1057,2025-06-21,2025,6,Saturday,R1,C123,8,34,32.64,3,4,Shipped,1099.02
1058,2025-03-20,2025,3,Thursday,R3,C789,9,37,48.41,2,2,Shipped,2067.01
1059,2025-01-11,2025,1,Saturday,R1,C444,1,2,29.34,5,6,Returned,49.37
1060,2025-02-22,2025,2,Saturday,R3,C444,1,3,49.64,3,3,Canceled,131.88
1061,2025-03-02,2025,3,Sunday,R2,C789,10,10,40.75,3,4,Open,329.73
1062,2025-02-26,2025,2,Wednesday,R2,C123,1,1,46.65,2,5,Open,52.96
1063,2025-02-22,2025,2,Saturday,R1,C444,5,16,31.78,1,3,Open,582.56
1064,2025-04-14,2025,4,Monday,R1,C444,4,9,42.25,5,5,Shipped,447.0
1065,2025-05-15,2025,5,Thursday,R2,C456,4,9,6.66,1,1,Open,69.3
1066,2025-03-12,2025,3,Wednesday,R3,C222,5,24,35.58,5,5,Canceled,803.82
1067,2025-02-27,2025,2,Thursday,R3,C789,5,11,41.41,2,3,Open,395.58
1068,2025-01-23,2025,1,Thursday,R2,C333,8,26,24.69,5,7,Canceled,697.35
1069,2025-05-17,2025,5,Saturday,R3,C222,2,8,8.89,4,6,Shipped,71.97
1070,2025-04-03,2025,4,Thursday,R4,C123,8,23,25.37,1,2,Shipped,660.22
1071,2025-01-07,2025,1,Tuesday,R4,C456,8,27,18.39,4,5,Shipped,526.29
1072,2025-04-15,2025,4,Tuesday,R1,C123,3,3,19.02,4,7,Returned,58.08
1073,2025-03-25,2025,3,Tuesday,R1,C123,4,4,34.82,2,2,Canceled,139.52
1074,2025-05-03,2025,5,Saturday,R3,C222,2,2,18.65,4,5,Open,38.16
1075,2025-01-12,2025,1,Sunday,R4,C456,1,1,8.47,3,5,Shipped,9.93
1076,2025-04-19,2025,4,Saturday,R2,C111,9,24,30.41,2,4,Shipped,757.89
1077,2025-02-21,2025,2,Friday,R4,C789,3,15,41.39,1,3,Shipped,683.78
1078,2025-04-14,2025,4,Monday,R2,C222,7,34,35.55,5,7,Open,1371.37
1079,2025-05-07,2025,5,Wednesday,R3,C222,4,15,9.43,4,4,Canceled,116.5
1080,2025-02-24,2025,2,Monday,R3,C222,9,43,19.0,4,6,Open,866.44
1081,2025-01-06,2025,1,Monday,R4,C222,3,7,39.76,3,3,Open,292.75
1082,2025-05-16,2025,5,Friday,R4,C456,3,6,43.02,1,3,Shipped,266.36
1083,2025-04-26,2025,4,Saturday,R3,C789,3,8,45.14,3,5,Returned,374.75
1084,2025-06-02,2025,6,Monday,R1,C222,1,3,32.91,5,5,Canceled,111.98
1085,2025-01-04,2025,1,Saturday,R3,C123,5,18,6.93,1,3,Returned,105.37
1086,2025-03-11,2025,3,Tuesday,R1,C456,3,12,18.31,1,2,Open,233.7
1087,2025-01-14,2025,1,Tuesday,R3,C789,3,10,30.27,3,5,Canceled,351.82
1088,2025-03-10,2025,3,Monday,R2,C789,5,24,25.59,4,5,Open,709.47
1089,2025-06-06,2025,6,Friday,R3,C111,8,28,14.79,4,6,Returned,351.83
1090,2025-03-04,2025,3,Tuesday,R2,C222,8,16,22.31,4,7,Canceled,423.94
1091,2025-06-14,2025,6,Saturday,R2,C111,2,8,10.63,4,4,Canceled,84.14
1092,2025-04-09,2025,4,Wednesday,R3,C789,5,21,23.51,2,4,Canceled,485.36
1093,2025-04-15,2025,4,Tuesday,R2,C789,8,32,40.5,2,2,Shipped,1435.88
1094,2025-02-27,2025,2,Thursday,R4,C111,8,15,45.03,4,7,Shipped,553.57
1095,2025-03-20,2025,3,Thursday,R3,C123,3,4,44.09,1,2,Returned,186.18
1096,2025-04-13,2025,4,Sunday,R4,C789,3,4,34.2,3,4,Returned,162.32
1097,2025-06-19,2025,6,Thursday,R4,C456,3,4,49.43,2,5,Shipped,176.93
1098,2025-02-11,2025,2,Tuesday,R2,C456,9,24,42.41,3,3,Shipped,925.72
1099,2025-01-27,2025,1,Monday,R1,C123,9,17,8.45,3,5,Canceled,147.66
1100,2025-01-27,2025,1,Monday,R2,C123,7,34,43.29,4,7,Returned,1450.8
1101,2025-06-26,2025,6,Thursday,R4,C456,6,7,23.89,5,5,Returned,162.43
1102,2025-01-13,2025,1,Monday,R3,C456,3,10,13.97,2,3,Open,158.39
1103,2025-05-05,2025,5,Monday,R3,C333,4,5,30.07,2,3,Returned,171.62
1104,2025-05-03,2025,5,Saturday,R4,C111,10,38,13.09,3,6,Shipped,504.01
1105,2025-04-17,2025,4,Thursday,R2,C456,3,12,37.22,3,5,Open,495.15
1106,2025-03-13,2025,3,Thursday,R3,C123,6,16,9.95,1,3,Open,146.84
1107,2025-02-25,2025,2,Tuesday,R2,C789,7,22,6.28,4,7,Canceled,139.01
1108,2025-05-20,2025,5,Tuesday,R4,C789,6,21,35.37,5,5,Open,618.76
1109,2025-03-29,2025,3,Saturday,R2,C222,1,4,47.19,5,5,Shipped,222.59
1110,2025-01-24,2025,1,Friday,R3,C222,5,17,10.28,3,6,Returned,164.21
1111,2025-03-10,2025,3,Monday,R1,C333,4,12,20.91,1,4,Returned,249.84
1112,2025-02-27,2025,2,Thursday,R1,C444,1,1,43.3,5,8,Open,50.63
1113,2025-02-15,2025,2,Saturday,R2,C444,9,26,16.02,5,7,Shipped,356.39
1114,2025-06-12,2025,6,Thursday,R4,C456,8,27,35.71,1,3,Canceled,950.23
1115,2025-04-13,2025,4,Sunday,R4,C222,9,45,28.17,5,5,Canceled,1027.6
1116,2025-03-25,2025,3,Tuesday,R1,C789,7,12,29.66,2,4,Open,389.71
1117,2025-05-18,2025,5,Sunday,R1,C222,2,4,40.2,1,2,Open,165.38
1118,2025-06-27,2025,6,Friday,R1,C111,10,49,25.88,1,1,Canceled,1333.61
1119,2025-06-28,2025,6,Saturday,R3,C222,3,5,48.94,2,2,Returned,228.69
1120,2025-01-18,2025,1,Saturday,R2,C444,2,4,48.21,3,5,Open,160.4
1121,2025-05-29,2025,5,Thursday,R2,C333,3,12,17.54,1,4,Open,243.44
1122,2025-06-19,2025,6,Thursday,R2,C123,10,34,37.38,3,5,Shipped,1297.21
1123,2025-05-27,2025,5,Tuesday,R1,C789,10,27,28.76,1,4,Shipped,756.75
1124,2025-05-03,2025,5,Saturday,R2,C444,7,9,34.44,3,6,Canceled,285.21
1125,2025-04-24,2025,4,Thursday,R4,C456,6,6,7.72,1,2,Open,44.3
1126,2025-03-31,2025,3,Monday,R2,C444,5,12,19.93,5,8,Open,264.73
1127,2025-01-14,2025,1,Tuesday,R2,C333,9,35,10.76,2,5,Returned,329.49
1128,2025-03-30,2025,3,Sunday,R3,C123,8,36,44.89,1,1,Shipped,1731.45
1129,2025-04-14,2025,4,Monday,R4,C456,8,40,40.72,3,4,Shipped,1303.53
1130,2025-01-26,2025,1,Sunday,R1,C789,8,20,27.45,3,4,Shipped,442.41
1131,2025-03-20,2025,3,Thursday,R3,C333,8,16,16.53,5,7,Open,301.61
1132,2025-05-16,2025,5,Friday,R1,C111,10,47,43.69,2,4,Open,1746.55
1133,2025-04-04,2025,4,Friday,R3,C333,9,11,17.33,2,3,Open,162.84
1134,2025-02-24,2025,2,Monday,R4,C456,8,13,13.35,5,7,Canceled,169.9
1135,2025-04-17,2025,4,Thursday,R1,C111,5,6,29.21,2,5,Returned,195.46
1136,2025-06-21,2025,6,Saturday,R3,C111,8,27,10.79,4,6,Returned,300.92
1137,2025-05-16,2025,5,Friday,R4,C456,9,12,41.08,2,4,Canceled,483.58
1138,2025-03-29,2025,3,Saturday,R2,C444,3,3,30.89,1,1,Canceled,96.84
1139,2025-02-01,2025,2,Saturday,R4,C123,6,17,17.53,5,7,Canceled,261.87
1140,2025-01-03,2025,1,Friday,R2,C123,1,3,18.5,1,3,Shipped,51.73
1141,2025-03-11,2025,3,Tuesday,R2,C333,7,19,21.45,3,4,Open,465.43
1142,2025-05-30,2025,5,Friday,R4,C222,1,2,26.84,1,4,Returned,48.65
1143,2025-03-29,2025,3,Saturday,R1,C456,10,49,47.55,5,6,Shipped,2688.52
1144,2025-06-15,2025,6,Sunday,R4,C333,5,11,32.57,2,5,Shipped,366.18
1145,2025-03-01,2025,3,Saturday,R1,C333,6,12,7.37,3,4,Open,96.58
1146,2025-06-23,2025,6,Monday,R4,C789,1,4,15.54,4,6,Open,65.72
1147,2025-04-13,2025,4,Sunday,R4,C222,10,36,31.67,5,8,Returned,1093.24
1148,2025-02-12,2025,2,Wednesday,R2,C456,5,20,25.04,1,3,Open,531.78
1149,2025-02-18,2025,2,Tuesday,R1,C111,7,25,23.1,5,8,Canceled,645.04
1150,2025-06-09,2025,6,Monday,R4,C789,9,28,17.33,1,2,Returned,500.45
1151,2025-05-13,2025,5,Tuesday,R4,C444,9,32,32.4,1,2,Returned,1065.56
1152,2025-03-13,2025,3,Thursday,R2,C333,6,17,11.25,4,7,Returned,205.2
1153,2025-06-15,2025,6,Sunday,R3,C444,9,9,36.99,5,7,Open,352.17
1154,2025-06-07,2025,6,Saturday,R4,C111,4,15,11.41,1,3,Canceled,190.8
1155,2025-06-28,2025,6,Saturday,R2,C333,2,8,33.81,4,5,Canceled,234.11
1156,2025-04-28,2025,4,Monday,R3,C444,8,38,17.14,3,6,Canceled,625.69
1157,2025-04-09,2025,4,Wednesday,R1,C456,7,22,30.32,5,5,Open,562.88
1158,2025-03-03,2025,3,Monday,R2,C111,2,10,48.91,1,2,Canceled,404.14
1159,2025-01-10,2025,1,Friday,R3,C123,10,30,17.15,2,4,Canceled,439.22
1160,2025-03-04,2025,3,Tuesday,R3,C123,4,20,29.21,1,1,Shipped,468.2
1161,2025-05-23,2025,5,Friday,R2,C222,5,14,35.77,5,7,Returned,499.34
1162,2025-03-07,2025,3,Friday,R1,C222,4,5,26.66,4,7,Open,145.86
1163,2025-03-21,2025,3,Friday,R1,C111,7,23,36.26,3,5,Returned,879.22
1164,2025-05-24,2025,5,Saturday,R2,C789,1,5,19.99,1,3,Returned,107.2
1165,2025-05-19,2025,5,Monday,R2,C444,7,32,27.08,2,5,Canceled,926.23
1166,2025-04-02,2025,4,Wednesday,R1,C789,5,17,36.83,5,7,Shipped,688.88
1167,2025-03-15,2025,3,Saturday,R1,C456,5,10,9.66,1,1,Returned,113.87
1168,2025-03-05,2025,3,Wednesday,R1,C444,5,17,31.97,4,5,Returned,640.82
1169,2025-05-11,2025,5,Sunday,R4,C333,5,6,34.25,3,5,Open,191.12
1170,2025-06-09,2025,6,Monday,R1,C456,3,13,26.22,4,4,Shipped,305.81
1171,2025-02-20,2025,2,Thursday,R2,C222,1,1,24.54,3,6,Open,22.76
1172,2025-04-27,2025,4,Sunday,R2,C444,6,26,33.81,1,2,Returned,775.77
1173,2025-06-30,2025,6,Monday,R3,C456,9,34,42.56,1,2,Returned,1371.43
1174,2025-05-18,2025,5,Sunday,R3,C111,1,2,29.96,3,6,Canceled,69.76
1175,2025-01-16,2025,1,Thursday,R1,C123,1,2,45.3,1,1,Open,93.02
1176,2025-06-23,2025,6,Monday,R4,C222,9,33,36.23,1,3,Returned,1352.55
1177,2025-05-01,2025,5,Thursday,R1,C444,5,21,13.7,2,4,Open,262.99
1178,2025-02-17,2025,2,Monday,R3,C111,7,32,7.73,4,7,Canceled,239.33
1179,2025-05-03,2025,5,Saturday,R4,C111,4,9,17.61,5,7,Shipped,172.81
1180,2025-06-18,2025,6,Wednesday,R1,C444,5,16,36.03,2,4,Canceled,502.44
1181,2025-03-18,2025,3,Tuesday,R1,C333,2,4,40.27,5,7,Canceled,163.74
1182,2025-06-21,2025,6,Saturday,R2,C456,4,12,46.74,3,6,Canceled,511.26
1183,2025-02-22,2025,2,Saturday,R2,C222,1,3,46.79,2,3,Returned,163.86
1184,2025-01-19,2025,1,Sunday,R4,C333,8,31,25.76,4,6,Returned,796.19
1185,2025-02-09,2025,2,Sunday,R1,C456,3,13,32.61,1,3,Open,412.4
1186,2025-02-04,2025,2,Tuesday,R4,C111,10,49,18.24,5,8,Shipped,977.7
1187,2025-03-06,2025,3,Thursday,R4,C333,8,25,35.49,4,5,Canceled,1006.88
1188,2025-04-17,2025,4,Thursday,R4,C789,5,19,38.5,3,6,Canceled,794.54
1189,2025-03-25,2025,3,Tuesday,R1,C456,10,36,14.41,2,2,Canceled,422.35
1190,2025-05-31,2025,5,Saturday,R1,C789,2,2,25.74,2,3,Returned,43.61
1191,2025-05-29,2025,5,Thursday,R4,C222,6,28,33.98,3,6,Returned,1020.75
1192,2025-01-25,2025,1,Saturday,R3,C444,5,18,9.29,1,4,Open,161.18
1193,2025-02-21,2025,2,Friday,R2,C456,6,20,24.16,4,5,Canceled,435.15
1194,2025-04-14,2025,4,Monday,R3,C333,7,17,28.77,4,4,Open,413.81
1195,2025-02-24,2025,2,Monday,R1,C456,5,21,45.01,5,6,Returned,1054.53
1196,2025-03-03,2025,3,Monday,R4,C444,7,32,20.68,2,2,Canceled,634.17
1197,2025-01-14,2025,1,Tuesday,R1,C789,8,22,8.37,5,5,Returned,180.72
1198,2025-01-25,2025,1,Saturday,R1,C333,2,6,41.3,2,4,Canceled,209.53
1199,2025-01-16,2025,1,Thursday,R1,C123,5,9,37.77,1,4,Shipped,301.08
1200,2025-04-08,2025,4,Tuesday,R4,C333,8,39,32.39,3,5,Open,1331.55
1201,2025-03-03,2025,3,Monday,R4,C111,5,14,31.36,2,5,Shipped,456.21
1202,2025-05-05,2025,5,Monday,R1,C789,7,30,48.14,2,5,Canceled,1579.62
1203,2025-04-11,2025,4,Friday,R2,C444,3,12,43.88,3,6,Returned,442.96
1204,2025-04-28,2025,4,Monday,R4,C789,2,6,7.53,5,7,Returned,40.73
1205,2025-05-05,2025,5,Monday,R4,C456,4,20,37.83,5,6,Canceled,785.53
1206,2025-03-19,2025,3,Wednesday,R1,C789,9,18,20.67,2,2,Shipped,431.44
1207,2025-04-01,2025,4,Tuesday,R4,C123,10,13,15.77,3,6,Open,245.89
1208,2025-05-16,2025,5,Friday,R3,C222,4,8,17.57,4,7,Returned,137.34
1209,2025-01-29,2025,1,Wednesday,R3,C444,1,5,14.57,4,4,Canceled,83.21
1210,2025-06-24,2025,6,Tuesday,R4,C123,1,4,20.4,4,6,Returned,90.58
1211,2025-05-14,2025,5,Wednesday,R4,C789,7,33,49.98,5,5,Open,1617.33
1212,2025-04-09,2025,4,Wednesday,R4,C123,4,11,26.06,1,3,Returned,293.8
1213,2025-05-16,2025,5,Friday,R3,C456,8,12,21.36,3,6,Canceled,283.36
1214,2025-04-08,2025,4,Tuesday,R3,C789,10,22,9.9,1,2,Canceled,240.78
1215,2025-05-24,2025,5,Saturday,R2,C111,1,1,45.08,3,4,Canceled,37.81
1216,2025-02-03,2025,2,Monday,R1,C333,9,27,34.5,1,1,Shipped,893.33
1217,2025-04-15,2025,4,Tuesday,R4,C222,10,37,28.54,4,4,Shipped,1144.3
1218,2025-03-04,2025,3,Tuesday,R1,C789,8,11,22.46,3,6,Canceled,286.77
1219,2025-06-02,2025,6,Monday,R2,C111,1,5,36.41,1,3,Open,159.01
1220,2025-01-31,2025,1,Friday,R2,C222,5,5,30.99,3,5,Open,166.87
1221,2025-06-20,2025,6,Friday,R2,C222,2,2,16.61,3,3,Canceled,28.36
1222,2025-03-19,2025,3,Wednesday,R3,C444,8,19,20.23,4,6,Shipped,314.75
1223,2025-05-09,2025,5,Friday,R3,C123,3,7,30.78,5,8,Returned,235.45
1224,2025-01-18,2025,1,Saturday,R4,C111,6,28,35.95,5,8,Shipped,1125.48
1225,2025-03-24,2025,3,Monday,R2,C444,3,9,47.63,1,2,Canceled,422.92
1226,2025-05-18,2025,5,Sunday,R1,C456,1,4,23.27,3,5,Open,80.54
1227,2025-04-29,2025,4,Tuesday,R3,C456,3,10,17.37,1,3,Open,193.73
1228,2025-06-22,2025,6,Sunday,R3,C456,4,19,27.18,2,5,Open,557.82
1229,2025-01-28,2025,1,Tuesday,R2,C789,10,43,43.9,1,1,Returned,1632.21
1230,2025-01-03,2025,1,Friday,R1,C456,1,3,37.52,2,4,Shipped,130.21
1231,2025-04-05,2025,4,Saturday,R3,C444,3,11,14.6,2,3,Canceled,191.26
1232,2025-04-29,2025,4,Tuesday,R1,C456,6,20,29.27,1,3,Canceled,496.12
1233,2025-03-12,2025,3,Wednesday,R2,C444,1,2,5.16,4,7,Returned,11.79
1234,2025-06-01,2025,6,Sunday,R2,C789,6,14,13.07,5,6,Returned,153.54
1235,2025-02-28,2025,2,Friday,R1,C789,9,13,27.42,1,1,Shipped,354.34
1236,2025-03-18,2025,3,Tuesday,R4,C222,7,15,21.0,1,4,Canceled,293.8
1237,2025-04-30,2025,4,Wednesday,R1,C456,8,40,46.16,2,5,Open,1674.4
1238,2025-03-21,2025,3,Friday,R3,C456,4,7,11.43,2,4,Canceled,64.07
1239,2025-01-13,2025,1,Monday,R1,C333,1,1,6.13,1,2,Shipped,6.75
1240,2025-03-26,2025,3,Wednesday,R1,C123,5,7,48.05,1,1,Canceled,326.29
1241,2025-04-16,2025,4,Wednesday,R3,C789,1,1,39.34,1,2,Shipped,42.29
1242,2025-06-22,2025,6,Sunday,R3,C222,2,2,18.71,5,5,Open,34.46
1243,2025-05-11,2025,5,Sunday,R3,C456,4,6,42.96,1,2,Shipped,228.16
1244,2025-06-02,2025,6,Monday,R1,C789,8,23,28.7,3,3,Shipped,791.13
1245,2025-04-15,2025,4,Tuesday,R1,C456,6,15,8.8,4,4,Shipped,137.22
1246,2025-02-11,2025,2,Tuesday,R4,C333,4,10,19.29,5,6,Returned,223.65
1247,2025-03-24,2025,3,Monday,R3,C222,6,29,25.02,3,3,Shipped,693.62
1248,2025-01-28,2025,1,Tuesday,R4,C111,6,14,49.23,4,4,Open,752.55
1249,2025-06-23,2025,6,Monday,R2,C444,7,35,28.67,5,5,Shipped,824.43
1250,2025-06-07,2025,6,Saturday,R3,C789,4,16,33.23,4,6,Open,579.72
1251,2025-03-17,2025,3,Monday,R1,C111,3,13,34.33,4,6,Open,380.48
1252,2025-06-12,2025,6,Thursday,R4,C456,6,13,22.71,4,7,Returned,293.3
1253,2025-01-31,2025,1,Friday,R2,C111,7,31,43.47,2,3,Returned,1339.32
1254,2025-05-26,2025,5,Monday,R4,C123,5,23,8.83,5,6,Open,211.14
1255,2025-06-28,2025,6,Saturday,R3,C123,3,12,17.52,5,6,Shipped,235.61
1256,2025-01-19,2025,1,Sunday,R4,C111,10,26,21.92,5,5,Returned,502.9
1257,2025-03-01,2025,3,Saturday,R2,C333,5,10,40.29,2,3,Returned,413.22
1258,2025-03-22,2025,3,Saturday,R1,C456,10,24,17.98,2,4,Open,456.38
1259,2025-01-14,2025,1,Tuesday,R4,C444,3,4,42.96,3,6,Shipped,188.32
1260,2025-06-06,2025,6,Friday,R2,C456,8,39,45.99,3,6,Canceled,1787.52
1261,2025-05-22,2025,5,Thursday,R1,C456,5,18,7.97,4,5,Returned,136.28
1262,2025-05-03,2025,5,Saturday,R2,C123,5,7,44.43,3,4,Shipped,278.47
1263,2025-03-15,2025,3,Saturday,R3,C123,5,16,5.08,5,7,Canceled,90.5
1264,2025-04-14,2025,4,Monday,R4,C222,10,45,41.71,5,6,Open,1555.56
1265,2025-02-06,2025,2,Thursday,R1,C111,7,11,16.3,3,6,Canceled,148.48
1266,2025-01-11,2025,1,Saturday,R3,C333,8,16,24.87,3,6,Canceled,322.75
1267,2025-02-10,2025,2,Monday,R4,C444,9,11,6.6,1,4,Canceled,84.95
1268,2025-02-24,2025,2,Monday,R4,C111,3,8,29.23,4,4,Returned,209.17
1269,2025-02-10,2025,2,Monday,R1,C222,4,6,20.2,3,5,Open,117.69
1270,2025-02-20,2025,2,Thursday,R3,C444,7,8,41.3,5,5,Returned,377.24
1271,2025-02-15,2025,2,Saturday,R2,C222,3,15,21.82,2,4,Canceled,275.39
1272,2025-04-16,2025,4,Wednesday,R2,C444,7,35,49.78,4,4,Canceled,1740.27
1273,2025-02-13,2025,2,Thursday,R4,C789,8,18,37.03,3,6,Open,779.95
1274,2025-03-16,2025,3,Sunday,R4,C111,3,11,41.74,3,6,Returned,425.16
1275,2025-04-14,2025,4,Monday,R4,C111,3,9,17.04,1,2,Shipped,165.32
1276,2025-02-25,2025,2,Tuesday,R1,C456,7,26,47.01,4,5,Open,1275.56
1277,2025-01-06,2025,1,Monday,R2,C222,5,20,46.64,4,7,Open,1068.71
1278,2025-02-23,2025,2,Sunday,R1,C222,6,30,5.97,1,3,Shipped,201.97
1279,2025-06-20,2025,6,Friday,R4,C123,2,10,49.66,4,7,Shipped,449.89
1280,2025-04-10,2025,4,Thursday,R2,C222,7,12,17.71,3,5,Shipped,228.78
1281,2025-06-29,2025,6,Sunday,R1,C123,2,5,46.65,2,2,Open,213.88
1282,2025-05-13,2025,5,Tuesday,R4,C444,6,25,46.7,1,2,Returned,947.8
1283,2025-06-14,2025,6,Saturday,R2,C789,9,45,30.06,3,3,Open,1291.79
1284,2025-04-15,2025,4,Tuesday,R3,C789,9,41,10.17,4,5,Returned,426.83
1285,2025-06-08,2025,6,Sunday,R1,C444,5,18,12.6,5,7,Returned,234.15
1286,2025-01-06,2025,1,Monday,R4,C222,9,45,20.04,3,4,Open,841.92
1287,2025-06-13,2025,6,Friday,R4,C222,4,12,31.92,2,4,Shipped,411.81
1288,2025-06-07,2025,6,Saturday,R3,C333,5,16,38.94,2,4,Canceled,741.2
1289,2025-04-18,2025,4,Friday,R2,C111,4,17,26.65,1,1,Canceled,366.6
1290,2025-02-01,2025,2,Saturday,R1,C456,10,47,10.46,4,5,Canceled,422.28
1291,2025-04-20,2025,4,Sunday,R2,C333,9,13,26.03,4,5,Returned,371.24
1292,2025-03-19,2025,3,Wednesday,R2,C444,7,30,22.42,5,7,Shipped,789.58
1293,2025-06-14,2025,6,Saturday,R2,C222,6,24,45.82,5,8,Open,1281.14
1294,2025-02-14,2025,2,Friday,R4,C456,1,1,27.6,4,7,Returned,32.72
1295,2025-05-04,2025,5,Sunday,R4,C222,7,8,27.87,4,5,Open,251.89
1296,2025-02-26,2025,2,Wednesday,R3,C789,5,7,48.61,3,3,Returned,279.97
1297,2025-02-16,2025,2,Sunday,R4,C789,8,10,36.02,2,2,Open,335.9
1298,2025-04-01,2025,4,Tuesday,R3,C111,7,17,24.76,3,5,Canceled,430.41
1299,2025-06-21,2025,6,Saturday,R4,C789,2,3,28.33,1,4,Open,77.5
1300,2025-04-15,2025,4,Tuesday,R1,C789,9,12,22.7,3,6,Shipped,234.21
1301,2025-02-20,2025,2,Thursday,R4,C111,1,5,13.49,2,5,Canceled,66.89
1302,2025-01-14,2025,1,Tuesday,R3,C123,10,41,33.72,2,3,Open,1422.36
1303,2025-06-18,2025,6,Wednesday,R1,C123,9,20,27.9,2,2,Shipped,465.55
1304,2025-02-07,2025,2,Friday,R3,C456,5,11,45.01,4,6,Canceled,452.1
1305,2025-06-29,2025,6,Sunday,R4,C444,8,32,41.26,3,5,Open,1228.31
1306,2025-04-22,2025,4,Tuesday,R2,C444,4,5,25.47,5,6,Canceled,152.16
1307,2025-05-31,2025,5,Saturday,R3,C789,6,21,20.08,3,5,Open,391.16
1308,2025-01-04,2025,1,Saturday,R1,C456,6,8,43.79,5,8,Open,303.11
1309,2025-01-27,2025,1,Monday,R1,C111,5,10,20.3,5,6,Open,187.04
1310,2025-01-13,2025,1,Monday,R1,C456,6,12,38.32,4,5,Open,410.05
1311,2025-05-16,2025,5,Friday,R3,C123,2,3,49.04,1,1,Canceled,122.41
1312,2025-03-07,2025,3,Friday,R3,C123,3,4,34.03,4,6,Open,133.04
1313,2025-02-18,2025,2,Tuesday,R1,C111,6,26,21.97,2,2,Open,508.09
1314,2025-03-12,2025,3,Wednesday,R3,C456,6,26,32.14,1,4,Returned,835.08
1315,2025-04-15,2025,4,Tuesday,R1,C444,9,9,21.62,4,5,Shipped,204.43
1316,2025-06-15,2025,6,Sunday,R2,C111,2,6,27.04,4,7,Returned,188.97
1317,2025-06-14,2025,6,Saturday,R3,C123,8,11,34.99,3,6,Open,330.81
1318,2025-02-24,2025,2,Monday,R1,C789,2,3,17.78,2,5,Shipped,63.8
1319,2025-05-03,2025,5,Saturday,R2,C333,9,12,11.52,2,2,Shipped,162.98
1320,2025-06-15,2025,6,Sunday,R3,C333,1,5,35.31,1,2,Open,188.51
1321,2025-05-03,2025,5,Saturday,R3,C111,10,33,38.23,5,8,Canceled,1012.95
1322,2025-05-14,2025,5,Wednesday,R1,C444,3,8,15.74,1,4,Returned,120.76
1323,2025-01-12,2025,1,Sunday,R3,C222,6,22,49.7,1,3,Canceled,936.66
1324,2025-02-13,2025,2,Thursday,R2,C333,2,4,40.54,4,7,Returned,141.26
1325,2025-03-22,2025,3,Saturday,R2,C222,9,18,25.93,1,4,Open,537.88
1326,2025-04-05,2025,4,Saturday,R1,C333,5,12,49.91,4,7,Returned,587.66
1327,2025-03-17,2025,3,Monday,R2,C222,2,3,48.21,5,6,Shipped,158.49
1328,2025-04-10,2025,4,Thursday,R4,C111,7,24,32.32,1,3,Shipped,656.5
1329,2025-03-08,2025,3,Saturday,R1,C789,6,18,19.09,1,3,Open,338.07
1330,2025-05-27,2025,5,Tuesday,R2,C789,10,29,22.13,2,2,Returned,757.11
1331,2025-01-11,2025,1,Saturday,R2,C111,5,19,13.63,5,7,Returned,251.37
1332,2025-06-12,2025,6,Thursday,R2,C333,3,9,5.04,5,7,Shipped,49.63
1333,2025-03-22,2025,3,Saturday,R2,C444,3,4,14.04,5,8,Returned,64.54
1334,2025-01-16,2025,1,Thursday,R1,C123,5,12,35.08,3,6,Canceled,464.03
1335,2025-05-14,2025,5,Wednesday,R3,C333,5,23,47.6,5,7,Open,1301.37
1336,2025-01-16,2025,1,Thursday,R2,C222,3,13,18.5,2,2,Returned,248.48
1337,2025-01-21,2025,1,Tuesday,R2,C789,4,19,20.57,1,3,Open,406.8
1338,2025-03-18,2025,3,Tuesday,R4,C456,7,27,20.03,1,4,Returned,597.59
1339,2025-03-16,2025,3,Sunday,R3,C789,9,12,44.35,5,7,Returned,521.56
1340,2025-04-09,2025,4,Wednesday,R1,C333,4,17,13.3,5,7,Shipped,192.5
1341,2025-04-02,2025,4,Wednesday,R2,C123,5,11,18.75,4,6,Open,242.33
1342,2025-01-24,2025,1,Friday,R2,C111,9,29,14.76,3,5,Returned,458.42
1343,2025-05-18,2025,5,Sunday,R4,C123,6,17,37.76,3,3,Canceled,581.41
1344,2025-04-11,2025,4,Friday,R4,C444,7,11,29.04,5,6,Shipped,268.97
1345,2025-03-19,2025,3,Wednesday,R3,C222,5,7,45.12,3,4,Canceled,335.37
1346,2025-02-02,2025,2,Sunday,R1,C123,4,12,5.53,4,5,Returned,76.34
1347,2025-02-07,2025,2,Friday,R3,C789,9,32,29.49,5,8,Canceled,967.63
1348,2025-04-30,2025,4,Wednesday,R4,C111,2,2,31.41,1,1,Open,57.69
1349,2025-01-19,2025,1,Sunday,R1,C333,6,22,19.39,1,4,Returned,354.14
1350,2025-01-17,2025,1,Friday,R4,C789,1,1,45.35,2,2,Canceled,47.83
1351,2025-03-09,2025,3,Sunday,R1,C111,6,11,28.09,5,7,Canceled,299.32
1352,2025-03-13,2025,3,Thursday,R1,C444,6,21,6.73,2,4,Canceled,116.34
1353,2025-01-22,2025,1,Wednesday,R3,C456,10,41,41.29,2,3,Canceled,1904.33
1354,2025-04-13,2025,4,Sunday,R3,C456,1,3,25.0,4,6,Open,79.74
1355,2025-03-12,2025,3,Wednesday,R2,C333,8,9,22.69,1,1,Open,175.68
1356,2025-01-07,2025,1,Tuesday,R2,C111,2,9,37.77,5,6,Open,313.04
1357,2025-06-05,2025,6,Thursday,R1,C456,2,5,36.05,4,6,Canceled,182.57
1358,2025-05-09,2025,5,Friday,R3,C222,1,3,5.12,3,6,Shipped,15.58
1359,2025-03-12,2025,3,Wednesday,R4,C222,8,34,18.02,4,6,Open,528.49
1360,2025-01-19,2025,1,Sunday,R1,C456,4,14,31.18,5,5,Open,523.08
1361,2025-02-01,2025,2,Saturday,R1,C111,6,10,23.42,1,1,Open,232.95
1362,2025-03-13,2025,3,Thursday,R4,C456,4,13,36.08,5,6,Returned,404.57
1363,2025-06-11,2025,6,Wednesday,R3,C444,6,28,12.13,3,3,Shipped,332.37
1364,2025-01-14,2025,1,Tuesday,R3,C333,9,22,41.2,4,7,Shipped,832.34
1365,2025-06-07,2025,6,Saturday,R1,C222,9,43,45.58,5,6,Shipped,2259.03
1366,2025-03-02,2025,3,Sunday,R3,C456,2,8,48.71,1,1,Open,325.62
1367,2025-04-16,2025,4,Wednesday,R4,C123,1,1,36.87,2,3,Returned,35.87
1368,2025-05-03,2025,5,Saturday,R3,C444,4,15,24.76,1,3,Canceled,315.19
1369,2025-01-26,2025,1,Sunday,R2,C333,6,25,43.37,1,1,Shipped,1026.74
1370,2025-01-02,2025,1,Thursday,R4,C123,1,3,10.42,3,4,Shipped,36.54
1371,2025-05-27,2025,5,Tuesday,R2,C111,6,12,33.05,2,4,Shipped,371.36
1372,2025-02-18,2025,2,Tuesday,R1,C444,7,22,24.55,1,2,Open,505.53
1373,2025-03-12,2025,3,Wednesday,R2,C333,6,9,43.86,2,5,Shipped,405.29
1374,2025-05-20,2025,5,Tuesday,R1,C444,8,11,42.09,4,5,Returned,407.15
1375,2025-06-10,2025,6,Tuesday,R2,C333,10,33,18.16,1,1,Open,506.67
1376,2025-03-23,2025,3,Sunday,R3,C333,7,35,22.4,2,4,Shipped,916.39
1377,2025-01-27,2025,1,Monday,R2,C123,8,33,43.24,4,4,Returned,1362.97
1378,2025-03-27,2025,3,Thursday,R3,C456,8,26,43.04,3,4,Open,918.77
1379,2025-05-23,2025,5,Friday,R3,C222,4,14,21.6,5,5,Returned,329.78
1380,2025-02-09,2025,2,Sunday,R3,C789,4,11,45.54,2,5,Returned,572.51
1381,2025-03-05,2025,3,Wednesday,R3,C444,2,2,35.47,4,6,Open,71.51
1382,2025-04-21,2025,4,Monday,R2,C222,7,12,35.17,4,4,Returned,413.58
1383,2025-04-19,2025,4,Saturday,R4,C444,4,19,33.17,3,4,Returned,532.88
1384,2025-03-26,2025,3,Wednesday,R3,C333,8,40,13.1,3,6,Open,496.9
1385,2025-01-25,2025,1,Saturday,R4,C111,3,9,15.38,5,6,Returned,157.13
1386,2025-06-03,2025,6,Tuesday,R1,C222,6,17,10.52,3,5,Shipped,173.37
1387,2025-02-28,2025,2,Friday,R2,C111,2,6,14.17,4,7,Returned,99.41
1388,2025-02-17,2025,2,Monday,R4,C222,10,44,29.1,2,5,Returned,1119.23
1389,2025-06-02,2025,6,Monday,R1,C123,6,10,5.46,4,4,Canceled,43.73
1390,2025-03-23,2025,3,Sunday,R4,C444,9,12,5.89,1,1,Returned,80.89
1391,2025-01-13,2025,1,Monday,R4,C111,1,5,26.02,1,3,Canceled,121.24
1392,2025-05-24,2025,5,Saturday,R4,C789,9,21,35.68,4,6,Open,812.96
1393,2025-04-11,2025,4,Friday,R1,C123,4,16,22.36,3,3,Open,323.79
1394,2025-01-27,2025,1,Monday,R1,C222,6,26,44.69,3,3,Shipped,1210.13
1395,2025-05-22,2025,5,Thursday,R1,C456,9,37,37.66,3,5,Canceled,1130.7
1396,2025-03-28,2025,3,Friday,R2,C333,2,6,12.19,2,5,Shipped,71.82
1397,2025-01-04,2025,1,Saturday,R4,C111,2,9,32.09,3,5,Open,270.69
1398,2025-04-21,2025,4,Monday,R2,C456,6,29,49.63,1,4,Returned,1246.32
1399,2025-01-11,2025,1,Saturday,R1,C333,8,9,46.02,1,2,Open,483.23
1400,2025-06-11,2025,6,Wednesday,R3,C789,8,17,41.77,5,6,Canceled,716.61
1401,2025-01-12,2025,1,Sunday,R3,C456,3,8,30.71,1,2,Returned,271.52
1402,2025-05-20,2025,5,Tuesday,R4,C222,10,44,37.36,5,8,Returned,1512.85
1403,2025-05-23,2025,5,Friday,R2,C111,4,6,38.24,3,3,Open,200.49
1404,2025-05-11,2025,5,Sunday,R3,C444,3,6,19.87,4,4,Canceled,109.23
1405,2025-06-07,2025,6,Saturday,R4,C789,5,17,33.96,5,6,Returned,680.53
1406,2025-05-15,2025,5,Thursday,R3,C111,6,25,47.44,1,2,Shipped,1124.94
1407,2025-02-24,2025,2,Monday,R4,C222,8,24,14.09,4,7,Open,364.14
1408,2025-05-01,2025,5,Thursday,R4,C111,10,33,37.79,1,2,Open,1309.19
1409,2025-05-30,2025,5,Friday,R3,C456,9,24,45.46,2,5,Returned,1237.7
1410,2025-05-06,2025,5,Tuesday,R3,C456,9,24,47.0,2,5,Open,1011.81
1411,2025-06-14,2025,6,Saturday,R4,C444,5,6,32.91,3,4,Shipped,172.75
1412,2025-04-28,2025,4,Monday,R2,C444,6,12,49.48,4,5,Open,684.26
1413,2025-04-12,2025,4,Saturday,R3,C456,1,5,19.26,5,5,Canceled,110.01
1414,2025-04-05,2025,4,Saturday,R3,C333,8,34,11.09,5,7,Open,391.21
1415,2025-06-02,2025,6,Monday,R4,C456,5,9,13.37,3,5,Open,113.51
1416,2025-03-02,2025,3,Sunday,R3,C111,5,12,10.92,5,8,Returned,146.95
1417,2025-04-22,2025,4,Tuesday,R4,C222,3,5,39.14,1,2,Canceled,182.61
1418,2025-06-25,2025,6,Wednesday,R3,C123,2,3,31.28,5,5,Open,81.11
1419,2025-06-21,2025,6,Saturday,R2,C456,10,32,16.02,3,5,Shipped,469.32
1420,2025-04-22,2025,4,Tuesday,R3,C444,4,17,22.46,5,7,Shipped,391.13
1421,2025-02-28,2025,2,Friday,R4,C789,1,2,33.49,5,6,Returned,71.98
1422,2025-05-10,2025,5,Saturday,R3,C444,7,18,48.86,4,7,Returned,852.04
1423,2025-02-01,2025,2,Saturday,R3,C111,6,21,19.61,2,4,Shipped,489.83
1424,2025-06-10,2025,6,Tuesday,R1,C222,6,14,35.25,4,4,Open,545.39
1425,2025-03-15,2025,3,Saturday,R2,C333,6,10,18.1,5,8,Shipped,216.85
1426,2025-06-14,2025,6,Saturday,R2,C123,1,3,49.36,1,1,Canceled,162.71
1427,2025-03-16,2025,3,Sunday,R4,C123,1,4,6.94,1,2,Canceled,31.32
1428,2025-05-14,2025,5,Wednesday,R2,C111,1,3,27.19,5,5,Canceled,96.3
1429,2025-01-12,2025,1,Sunday,R2,C123,3,7,45.92,1,2,Canceled,375.98
1430,2025-02-28,2025,2,Friday,R4,C222,2,8,13.02,5,8,Returned,116.66
1431,2025-03-05,2025,3,Wednesday,R2,C444,5,19,13.37,2,4,Shipped,208.51
1432,2025-01-04,2025,1,Saturday,R3,C444,6,8,43.96,2,2,Returned,369.72
1433,2025-06-16,2025,6,Monday,R3,C333,4,14,47.51,2,3,Open,718.91
1434,2025-05-28,2025,5,Wednesday,R1,C789,2,3,40.71,4,7,Open,145.95
1435,2025-01-14,2025,1,Tuesday,R1,C222,5,25,10.84,5,6,Shipped,296.25
1436,2025-04-13,2025,4,Sunday,R2,C222,5,17,31.82,3,6,Open,498.64
1437,2025-01-04,2025,1,Saturday,R3,C456,6,21,37.57,2,5,Shipped,730.07
1438,2025-01-12,2025,1,Sunday,R3,C456,10,37,33.48,3,6,Open,1059.48
1439,2025-05-30,2025,5,Friday,R3,C456,3,9,19.21,1,4,Returned,196.82
1440,2025-06-11,2025,6,Wednesday,R1,C111,2,10,20.61,2,5,Returned,209.53
1441,2025-01-20,2025,1,Monday,R2,C456,10,40,15.49,1,4,Canceled,692.45
1442,2025-04-05,2025,4,Saturday,R1,C444,3,3,37.07,1,4,Shipped,120.73
1443,2025-03-22,2025,3,Saturday,R2,C222,8,11,28.57,4,7,Open,363.09
1444,2025-02-17,2025,2,Monday,R4,C111,2,6,5.56,4,4,Open,39.1
1445,2025-06-30,2025,6,Monday,R2,C111,9,23,46.2,2,4,Canceled,1146.13
1446,2025-05-31,2025,5,Saturday,R1,C444,10,42,17.03,2,2,Shipped,852.31
1447,2025-03-09,2025,3,Sunday,R2,C333,9,45,34.2,2,3,Shipped,1385.49
1448,2025-01-17,2025,1,Friday,R4,C222,2,3,48.52,5,8,Returned,165.82
1449,2025-06-17,2025,6,Tuesday,R2,C444,6,25,46.73,4,7,Shipped,1003.16
1450,2025-06-08,2025,6,Sunday,R4,C123,5,25,25.22,4,7,Canceled,716.54
1451,2025-04-07,2025,4,Monday,R2,C456,4,5,33.86,1,2,Shipped,165.01
1452,2025-04-07,2025,4,Monday,R1,C333,1,5,40.89,3,5,Open,171.19
1453,2025-02-22,2025,2,Saturday,R3,C333,5,10,25.8,3,6,Open,266.35
1454,2025-02-09,2025,2,Sunday,R1,C789,5,13,32.71,4,4,Open,481.05
1455,2025-04-19,2025,4,Saturday,R4,C456,7,35,34.84,3,6,Canceled,1161.02
1456,2025-04-02,2025,4,Wednesday,R4,C111,10,38,18.39,1,4,Shipped,670.61
1457,2025-05-16,2025,5,Friday,R1,C789,3,7,47.53,4,7,Canceled,365.1
1458,2025-02-17,2025,2,Monday,R4,C111,4,20,27.66,4,5,Returned,491.4
1459,2025-05-28,2025,5,Wednesday,R1,C111,10,19,18.9,5,5,Open,383.97
1460,2025-02-26,2025,2,Wednesday,R4,C789,4,8,31.93,1,1,Returned,291.82
1461,2025-06-10,2025,6,Tuesday,R2,C789,8,25,37.78,5,6,Canceled,1088.53
1462,2025-03-27,2025,3,Thursday,R2,C222,8,22,13.56,4,6,Open,325.93
1463,2025-06-02,2025,6,Monday,R4,C789,4,19,5.3,1,2,Shipped,84.93
1464,2025-03-05,2025,3,Wednesday,R2,C111,8,32,29.54,5,7,Canceled,1087.31
1465,2025-01-08,2025,1,Wednesday,R3,C444,1,3,31.33,4,6,Canceled,85.31
1466,2025-02-14,2025,2,Friday,R4,C222,2,7,29.72,1,4,Shipped,221.23
1467,2025-05-12,2025,5,Monday,R4,C789,3,9,31.51,4,6,Shipped,330.97
1468,2025-06-29,2025,6,Sunday,R2,C123,8,31,25.49,5,8,Canceled,790.34
1469,2025-03-11,2025,3,Tuesday,R1,C789,10,37,41.1,4,5,Returned,1456.74
1470,2025-03-02,2025,3,Sunday,R2,C222,4,14,12.86,3,5,Canceled,195.05
1471,2025-03-08,2025,3,Saturday,R4,C444,3,15,30.05,1,4,Canceled,468.5
1472,2025-04-05,2025,4,Saturday,R4,C333,3,14,36.46,4,5,Shipped,499.99
1473,2025-02-03,2025,2,Monday,R3,C444,3,6,49.54,3,3,Open,319.92
1474,2025-02-16,2025,2,Sunday,R1,C333,9,40,39.76,4,4,Open,1331.02
1475,2025-01-27,2025,1,Monday,R4,C123,5,25,29.59,3,4,Open,850.36
1476,2025-03-25,2025,3,Tuesday,R2,C222,2,4,20.42,4,4,Open,91.0
1477,2025-04-21,2025,4,Monday,R3,C789,7,24,30.45,3,6,Returned,609.09
1478,2025-03-12,2025,3,Wednesday,R1,C789,4,12,46.94,5,8,Returned,548.44
1479,2025-04-29,2025,4,Tuesday,R4,C333,7,12,5.16,1,2,Returned,54.92
1480,2025-01-18,2025,1,Saturday,R2,C789,6,23,36.38,1,3,Returned,730.75
1481,2025-03-30,2025,3,Sunday,R3,C222,2,7,8.97,5,8,Shipped,73.17
1482,2025-05-17,2025,5,Saturday,R1,C789,1,5,9.95,4,6,Canceled,59.65
1483,2025-03-28,2025,3,Friday,R4,C111,6,7,11.01,4,5,Returned,80.35
1484,2025-02-05,2025,2,Wednesday,R1,C222,7,31,17.21,1,1,Shipped,483.12
1485,2025-02-04,2025,2,Tuesday,R2,C111,3,9,41.27,3,3,Open,418.2
1486,2025-03-06,2025,3,Thursday,R1,C789,9,16,49.6,3,4,Shipped,674.65
1487,2025-01-16,2025,1,Thursday,R1,C111,9,30,17.27,4,7,Canceled,601.77
1488,2025-04-09,2025,4,Wednesday,R4,C444,9,17,22.52,5,7,Returned,321.41
1489,2025-01-08,2025,1,Wednesday,R3,C333,9,13,17.56,2,4,Open,245.44
1490,2025-02-27,2025,2,Thursday,R1,C456,1,4,5.38,3,4,Canceled,19.51
1491,2025-04-04,2025,4,Friday,R3,C222,9,41,18.25,4,6,Open,820.85
1492,2025-04-04,2025,4,Friday,R1,C456,2,2,19.78,2,2,Shipped,34.67
1493,2025-02-01,2025,2,Saturday,R1,C444,4,13,16.41,5,8,Shipped,227.59
1494,2025-04-01,2025,4,Tuesday,R3,C444,4,16,41.37,2,2,Returned,640.94
1495,2025-01-06,2025,1,Monday,R1,C789,2,7,28.87,5,6,Open,226.4
1496,2025-05-27,2025,5,Tuesday,R1,C333,6,17,35.55,2,5,Shipped,585.57
1497,2025-02-02,2025,2,Sunday,R4,C456,6,9,17.07,2,2,Open,139.91
1498,2025-02-23,2025,2,Sunday,R2,C333,5,10,40.99,1,2,Shipped,334.44
1499,2025-04-07,2025,4,Monday,R1,C123,1,1,44.22,2,5,Shipped,50.58
